percentage,static,dynamic_8qsize
0,4.10787,0.881498
40,4.10499,1.11337
80,4.10038,1.03645
100,4.10217,0.885197
lowest_speedup,1,3.69
highest_speedup,1,4.66
gmean_speedup,1,4.21
