qsize,time
static,4.01355
2,2.88467
4,1.86097
8,0.970431
16,0.788609
