qsize,time
static,4.3306
lsq_2,3.46987
lsq_4,2.1148
lsq_8,1.25373
lsq_16,1.15107
