qsize,time
static,3.72367
lsq_2,3.10002
lsq_4,1.82954
lsq_8,1.07635
lsq_16,1.06
