percentage,static,dynamic_8qsize
0,4.01386,0.967937
40,4.01063,1.74481
80,4.01414,2.72124
100,4.01303,1.06812
lowest_speedup,1,1.48
highest_speedup,1,4.15
gmean_speedup,1,2.7
