percentage,static,lsq_8
0,11.165,0.771094
40,11.165,0.743143
80,11.165,0.73904
100,11.165,0.745499
lowest_speedup,1,14.48
highest_speedup,1,15.11
gmean_speedup,1,14.9
