Benchmark,ALM - k,,,REG - k,,,RAM,,,DSP,,,Frequency - MHz,,,Wall-time - ms,,
,Base,Ours,X,Base,Ours,X,Base,Ours,X,Base,Ours,X,Base,Ours,X,Base,Ours,X
histogram,87.83,88.03,1.0,122.32,124.28,1.02,0.39,0.39,0.98,1,1,1.0,293,232,0.79,355.08,57.61-203.84,6.16-1.74
histogram_if,93.82,78.9,0.84,126.53,122.53,0.97,0.41,0.49,1.2,1,1,1.0,271,245,0.9,217.05,44.800000000000004-125.53,4.8500000000000005-1.73
spmv,75.03,81.64,1.09,115.05,127.23,1.11,0.53,0.5,0.94,4,4,1.0,279,216,0.77,393.42,91.73-277.49,4.29-1.42
maximal_matching,76.32,79.53,1.04,116.78,122.32,1.05,0.46,0.45,0.98,0,0,-,268,221,0.82,744.3100000000001,414.16-714.26,1.8-1.04
get_tanh,95.17,95.67,1.01,129.54,131.6,1.02,0.42,0.41,0.98,13,13,1.0,279,223,0.8,557.42,108.13-215.77,5.15-2.58
vec_trans,88.18,88.31,1.0,122.68,124.53,1.02,0.4,0.39,0.98,11,11,1.0,305,237,0.78,433.55,91.2-91.27,4.75-4.75
chaos_ncg,78.63,87.13,1.11,121.96,130.45,1.07,0.53,0.49,0.91,0,0,-,247,226,0.91,710.77,347.31-349.25,2.05-2.04
