percentage,static,dynamic_8qsize
0,7.11102,3.44326
40,7.11199,3.43227
80,7.10404,3.45112
100,7.10626,3.47165
lowest_speedup,1,2.05
highest_speedup,1,2.07
gmean_speedup,1,2.06
