percentage,static,dynamic_8qsize
0,3.5549,0.817817
10,3.56072,0.987265
20,3.55569,1.15447
30,3.55989,1.34713
40,3.55993,1.53426
50,3.55716,1.70831
60,3.55487,1.86353
70,3.5573,1.97731
80,3.55874,2.04909
90,3.56362,2.10048
100,3.56048,0.583927
