percentage,static,dynamic_8qsize
0,5.5816,1.09481
40,5.58683,1.85761
80,5.58202,1.54627
100,5.58094,2.17357
lowest_speedup,1,2.57
highest_speedup,1,5.1
gmean_speedup,1,3.45
