qsize,time
static,3.55632
2,2.46566
4,2.09463
8,0.836544
16,0.7328
