percentage,static,dynamic_8qsize
0,11.6013,3.64952
40,11.6169,3.63626
80,11.6097,3.64864
100,11.6053,3.64418
lowest_speedup,1,3.18
highest_speedup,1,3.19
gmean_speedup,1,3.18
