percentage,static,dynamic_8qsize
0,3.55564,0.825575
40,3.56243,1.54155
80,3.55629,2.05384
100,3.56057,0.589431
lowest_speedup,1,1.73
highest_speedup,1,6.04
gmean_speedup,1,3.19
